HƯỚNG DẪN KHỞI CHẠY & VẬN HÀNH HỆ THỐNG AIRGUARD AI,,,,
Tài liệu hướng dẫn triển khai máy mới và kiểm thử các tính năng cốt lõi,,,,
Bước,Hạng mục,Câu lệnh / Thao tác,Kết quả mong đợi,Ghi chú
1,Chuẩn bị môi trường,"Cài đặt Docker Desktop 24+, Git, Python 3.12, Node.js 20+",Môi trường sẵn sàng,Hỗ trợ cả Windows và Linux/macOS
2,Clone repository,git clone https://github.com/AI20K-Build-Phase-Cohort-3/P-074.git,Mã nguồn tải về máy,Chuyển sang nhánh Canh
3,Cấu hình môi trường,cp .env.example .env (điền secret nếu có),File .env sẵn sàng,Không bao giờ commit .env lên Git
4,Khởi chạy Docker,docker compose up --build -d,8/8 containers khởi chạy thành công,"Postgres, Mosquitto, API, Agent, Consumer, Simulators, Web"
5,Truy cập Dashboard,Mở trình duyệt: http://localhost:5173,Giao diện bản đồ hiển thị 5 trạm,Dữ liệu realtime cập nhật mỗi 30s
6,Kiểm thử Trợ lý AI,Bấm nút [Hỏi AI] -> Nhập câu hỏi tiếng Việt,AI trả lời chính xác có số liệu,Cam kết Zero Hallucination
7,Kiểm thử Bật máy lọc,Đăng nhập Manager -> Bấm [Bật máy lọc] tại FILTER-S01,Trạng thái chuyển xanh trong 0.8s,Đồng hồ đếm ngược 45 phút chạy giật lùi
8,Kiểm tra Unit Tests,pytest tests/ -v,153/153 tests passed (100%),"Bao phủ toàn bộ API, Router, Agent, HITL"
